{"current_epoch": 0, "training_losses": [0.6429390907287598], "validation_losses": [0.8574318289756775], "train_av_time": 382.9659857749939, "val_av_time": 31.466999530792236, "total_time": 0.10914467738734351, "best_val_loss": 0.8574318289756775, "test_loss": 0, "test_loss_final": 1.0080674886703491, "test_lossESR_final": 1.0080673694610596, "test_loss_best": 1.0080674886703491, "test_lossESR_best": 1.0080673694610596}