{"current_epoch": 9, "training_losses": [22.53971290588379, 8.853443145751953, 2.97680926322937, 1.3820914030075073, 1.15805184841156, 1.1341131925582886, 1.122140645980835, 1.1105639934539795, 1.0990666151046753, 1.0876102447509766], "validation_losses": [1.968342900276184, 1.614525556564331, 1.485337734222412, 1.453149437904358, 1.4409600496292114, 1.4305436611175537, 1.4203131198883057, 1.4101731777191162, 1.4000914096832275, 1.390042781829834], "train_av_time": 62.424646615982056, "val_av_time": 9.178765058517456, "total_time": 0.19538796861966448, "best_val_loss": 1.390042781829834, "test_loss": 0, "test_loss_final": 2.307960033416748, "test_lossESR_final": 2.307960033416748, "test_loss_best": 2.307960033416748, "test_lossESR_best": 2.307960033416748}