{"current_epoch": 0, "training_losses": [1.8175843954086304], "validation_losses": [0.927299976348877], "train_av_time": 61.52159523963928, "val_av_time": 8.924740552902222, "total_time": 0.018699857592582702, "best_val_loss": 0.927299976348877, "test_loss": 0, "test_loss_final": 1.187261939048767, "test_lossESR_final": 1.187261700630188, "test_loss_best": 1.187261939048767, "test_lossESR_best": 1.187261700630188}